region,week,group,paid_social_active,revenue
region_00,2022-01-03,control,1,50550.42
region_00,2022-01-10,control,1,55608.53
region_00,2022-01-17,control,1,46005.78
region_00,2022-01-24,control,1,50152.97
region_00,2022-01-31,control,1,48931.21
region_00,2022-02-07,control,1,59676.55
region_00,2022-02-14,control,1,55312.65
region_00,2022-02-21,control,1,57574.26
region_00,2022-02-28,control,1,60283.54
region_00,2022-03-07,control,1,58578.42
region_00,2022-03-14,control,1,52624.38
region_00,2022-03-21,control,1,68554.81
region_00,2022-03-28,control,1,65291.65
region_00,2022-04-04,control,1,71436.72
region_00,2022-04-11,control,1,86793.19
region_00,2022-04-18,control,1,84629.68
region_00,2022-04-25,control,1,74529.44
region_00,2022-05-02,control,1,79656.14
region_00,2022-05-09,control,1,82333.1
region_00,2022-05-16,control,1,84199.94
region_00,2022-05-23,control,1,75843.92
region_00,2022-05-30,control,1,77536.27
region_00,2022-06-06,control,1,85740.26
region_00,2022-06-13,control,1,77397.3
region_00,2022-06-20,control,1,86325.11
region_00,2022-06-27,control,1,76034.29
region_00,2022-07-04,control,1,86258.74
region_00,2022-07-11,control,1,74359.74
region_00,2022-07-18,control,1,78977.93
region_00,2022-07-25,control,1,79963.29
region_00,2022-08-01,control,1,69208.82
region_00,2022-08-08,control,1,81509.21
region_00,2022-08-15,control,1,77866.95
region_00,2022-08-22,control,1,66754.99
region_00,2022-08-29,control,1,68231.76
region_00,2022-09-05,control,1,65104.94
region_00,2022-09-12,control,1,59837.06
region_00,2022-09-19,control,1,50379.58
region_00,2022-09-26,control,1,54840.81
region_00,2022-10-03,control,1,48166.56
region_00,2022-10-10,control,1,51933.73
region_00,2022-10-17,control,1,59605.44
region_00,2022-10-24,control,1,46687.62
region_00,2022-10-31,control,1,42444.42
region_00,2022-11-07,control,1,49964.43
region_00,2022-11-14,control,1,46567.53
region_00,2022-11-21,control,1,51445.04
region_00,2022-11-28,control,1,38416.06
region_00,2022-12-05,control,1,42875.17
region_00,2022-12-12,control,1,40750.87
region_00,2022-12-19,control,1,47638.11
region_00,2022-12-26,control,1,48950.7
region_00,2023-01-02,control,1,44470.29
region_00,2023-01-09,control,1,49624.6
region_00,2023-01-16,control,1,56569.65
region_00,2023-01-23,control,1,49157.97
region_00,2023-01-30,control,1,58198.01
region_00,2023-02-06,control,1,45587.85
region_00,2023-02-13,control,1,56390.37
region_00,2023-02-20,control,1,65928.5
region_00,2023-02-27,control,1,52758.75
region_00,2023-03-06,control,1,68337.72
region_00,2023-03-13,control,1,58956.84
region_00,2023-03-20,control,1,64375.0
region_00,2023-03-27,control,1,66552.12
region_00,2023-04-03,control,1,68701.47
region_00,2023-04-10,control,1,77346.57
region_00,2023-04-17,control,1,69056.81
region_00,2023-04-24,control,1,96019.59
region_00,2023-05-01,control,1,76880.59
region_00,2023-05-08,control,1,85483.02
region_00,2023-05-15,control,1,85466.47
region_00,2023-05-22,control,1,78447.15
region_00,2023-05-29,control,1,81665.55
region_00,2023-06-05,control,1,78325.28
region_00,2023-06-12,control,1,83087.71
region_00,2023-06-19,control,1,72146.84
region_00,2023-06-26,control,1,83510.92
region_00,2023-07-03,control,0,79383.79
region_00,2023-07-10,control,0,78934.72
region_00,2023-07-17,control,0,74876.58
region_00,2023-07-24,control,0,64773.88
region_00,2023-07-31,control,0,65981.34
region_00,2023-08-07,control,0,71498.82
region_00,2023-08-14,control,0,64698.82
region_00,2023-08-21,control,0,59285.36
region_00,2023-08-28,control,0,68054.86
region_00,2023-09-04,control,0,57663.25
region_00,2023-09-11,control,0,55887.95
region_00,2023-09-18,control,0,55153.03
region_00,2023-09-25,control,0,55593.87
region_00,2023-10-02,control,0,52303.42
region_00,2023-10-09,control,0,55028.7
region_00,2023-10-16,control,0,49463.61
region_00,2023-10-23,control,0,48404.74
region_00,2023-10-30,control,0,42378.38
region_00,2023-11-06,control,0,39093.22
region_00,2023-11-13,control,0,44568.33
region_00,2023-11-20,control,0,48613.64
region_00,2023-11-27,control,0,45113.51
region_00,2023-12-04,control,0,46108.52
region_00,2023-12-11,control,0,42732.04
region_00,2023-12-18,control,0,45926.11
region_00,2023-12-25,control,0,46405.68
region_01,2022-01-03,control,1,30479.77
region_01,2022-01-10,control,1,31193.75
region_01,2022-01-17,control,1,32211.69
region_01,2022-01-24,control,1,30507.52
region_01,2022-01-31,control,1,34538.33
region_01,2022-02-07,control,1,36252.91
region_01,2022-02-14,control,1,35882.16
region_01,2022-02-21,control,1,44177.72
region_01,2022-02-28,control,1,40846.99
region_01,2022-03-07,control,1,40935.71
region_01,2022-03-14,control,1,41263.48
region_01,2022-03-21,control,1,49786.23
region_01,2022-03-28,control,1,44114.97
region_01,2022-04-04,control,1,48041.0
region_01,2022-04-11,control,1,51750.55
region_01,2022-04-18,control,1,45317.33
region_01,2022-04-25,control,1,49813.52
region_01,2022-05-02,control,1,52858.24
region_01,2022-05-09,control,1,52270.41
region_01,2022-05-16,control,1,55015.57
region_01,2022-05-23,control,1,54000.0
region_01,2022-05-30,control,1,57367.72
region_01,2022-06-06,control,1,49397.2
region_01,2022-06-13,control,1,55994.33
region_01,2022-06-20,control,1,53609.41
region_01,2022-06-27,control,1,53574.52
region_01,2022-07-04,control,1,54165.51
region_01,2022-07-11,control,1,47225.1
region_01,2022-07-18,control,1,49876.92
region_01,2022-07-25,control,1,54058.68
region_01,2022-08-01,control,1,45583.04
region_01,2022-08-08,control,1,48305.78
region_01,2022-08-15,control,1,46958.46
region_01,2022-08-22,control,1,45855.61
region_01,2022-08-29,control,1,34997.9
region_01,2022-09-05,control,1,47219.32
region_01,2022-09-12,control,1,37666.98
region_01,2022-09-19,control,1,43667.21
region_01,2022-09-26,control,1,35040.44
region_01,2022-10-03,control,1,37842.83
region_01,2022-10-10,control,1,34162.92
region_01,2022-10-17,control,1,32019.01
region_01,2022-10-24,control,1,40264.58
region_01,2022-10-31,control,1,31718.46
region_01,2022-11-07,control,1,28002.85
region_01,2022-11-14,control,1,34576.88
region_01,2022-11-21,control,1,32640.04
region_01,2022-11-28,control,1,34114.68
region_01,2022-12-05,control,1,27005.78
region_01,2022-12-12,control,1,28142.66
region_01,2022-12-19,control,1,31505.05
region_01,2022-12-26,control,1,30114.55
region_01,2023-01-02,control,1,30122.59
region_01,2023-01-09,control,1,34157.76
region_01,2023-01-16,control,1,29985.95
region_01,2023-01-23,control,1,30964.11
region_01,2023-01-30,control,1,36212.09
region_01,2023-02-06,control,1,33746.59
region_01,2023-02-13,control,1,36513.79
region_01,2023-02-20,control,1,39952.4
region_01,2023-02-27,control,1,38496.9
region_01,2023-03-06,control,1,39240.71
region_01,2023-03-13,control,1,48031.39
region_01,2023-03-20,control,1,44213.79
region_01,2023-03-27,control,1,48765.1
region_01,2023-04-03,control,1,45437.52
region_01,2023-04-10,control,1,48269.59
region_01,2023-04-17,control,1,50847.9
region_01,2023-04-24,control,1,51068.73
region_01,2023-05-01,control,1,52895.85
region_01,2023-05-08,control,1,61669.04
region_01,2023-05-15,control,1,57318.56
region_01,2023-05-22,control,1,56095.45
region_01,2023-05-29,control,1,58733.27
region_01,2023-06-05,control,1,52198.01
region_01,2023-06-12,control,1,61051.28
region_01,2023-06-19,control,1,47298.77
region_01,2023-06-26,control,1,55506.05
region_01,2023-07-03,control,0,55641.85
region_01,2023-07-10,control,0,43813.23
region_01,2023-07-17,control,0,48885.88
region_01,2023-07-24,control,0,45522.33
region_01,2023-07-31,control,0,41450.86
region_01,2023-08-07,control,0,45940.27
region_01,2023-08-14,control,0,42658.6
region_01,2023-08-21,control,0,46274.27
region_01,2023-08-28,control,0,40876.99
region_01,2023-09-04,control,0,36248.64
region_01,2023-09-11,control,0,37731.23
region_01,2023-09-18,control,0,35364.97
region_01,2023-09-25,control,0,39568.83
region_01,2023-10-02,control,0,35118.68
region_01,2023-10-09,control,0,32897.36
region_01,2023-10-16,control,0,36725.42
region_01,2023-10-23,control,0,31488.66
region_01,2023-10-30,control,0,28839.98
region_01,2023-11-06,control,0,28363.95
region_01,2023-11-13,control,0,29743.45
region_01,2023-11-20,control,0,26415.75
region_01,2023-11-27,control,0,34685.12
region_01,2023-12-04,control,0,28409.07
region_01,2023-12-11,control,0,28196.29
region_01,2023-12-18,control,0,24003.44
region_01,2023-12-25,control,0,23330.28
region_02,2022-01-03,control,1,32186.3
region_02,2022-01-10,control,1,37287.86
region_02,2022-01-17,control,1,35158.61
region_02,2022-01-24,control,1,33748.27
region_02,2022-01-31,control,1,37357.81
region_02,2022-02-07,control,1,38386.7
region_02,2022-02-14,control,1,36862.96
region_02,2022-02-21,control,1,40877.77
region_02,2022-02-28,control,1,46844.17
region_02,2022-03-07,control,1,46269.03
region_02,2022-03-14,control,1,51034.94
region_02,2022-03-21,control,1,48883.54
region_02,2022-03-28,control,1,49870.29
region_02,2022-04-04,control,1,42581.34
region_02,2022-04-11,control,1,54397.34
region_02,2022-04-18,control,1,46786.77
region_02,2022-04-25,control,1,60409.66
region_02,2022-05-02,control,1,54752.36
region_02,2022-05-09,control,1,56897.75
region_02,2022-05-16,control,1,54582.28
region_02,2022-05-23,control,1,50839.95
region_02,2022-05-30,control,1,58979.87
region_02,2022-06-06,control,1,49226.27
region_02,2022-06-13,control,1,54898.78
region_02,2022-06-20,control,1,53930.86
region_02,2022-06-27,control,1,52875.43
region_02,2022-07-04,control,1,60606.62
region_02,2022-07-11,control,1,54448.79
region_02,2022-07-18,control,1,51301.25
region_02,2022-07-25,control,1,47470.99
region_02,2022-08-01,control,1,53877.71
region_02,2022-08-08,control,1,54469.73
region_02,2022-08-15,control,1,49290.02
region_02,2022-08-22,control,1,49299.64
region_02,2022-08-29,control,1,49920.94
region_02,2022-09-05,control,1,44745.73
region_02,2022-09-12,control,1,48063.73
region_02,2022-09-19,control,1,47297.07
region_02,2022-09-26,control,1,41423.93
region_02,2022-10-03,control,1,34665.85
region_02,2022-10-10,control,1,39484.44
region_02,2022-10-17,control,1,36960.8
region_02,2022-10-24,control,1,31097.77
region_02,2022-10-31,control,1,33033.53
region_02,2022-11-07,control,1,34308.1
region_02,2022-11-14,control,1,32724.16
region_02,2022-11-21,control,1,30362.6
region_02,2022-11-28,control,1,30085.32
region_02,2022-12-05,control,1,29725.5
region_02,2022-12-12,control,1,31640.0
region_02,2022-12-19,control,1,31988.0
region_02,2022-12-26,control,1,38228.94
region_02,2023-01-02,control,1,32328.22
region_02,2023-01-09,control,1,26695.1
region_02,2023-01-16,control,1,32462.63
region_02,2023-01-23,control,1,33969.63
region_02,2023-01-30,control,1,37704.84
region_02,2023-02-06,control,1,36526.16
region_02,2023-02-13,control,1,45753.58
region_02,2023-02-20,control,1,41110.7
region_02,2023-02-27,control,1,40710.85
region_02,2023-03-06,control,1,42531.28
region_02,2023-03-13,control,1,45101.01
region_02,2023-03-20,control,1,50276.76
region_02,2023-03-27,control,1,47353.72
region_02,2023-04-03,control,1,51283.38
region_02,2023-04-10,control,1,52306.68
region_02,2023-04-17,control,1,47316.96
region_02,2023-04-24,control,1,55311.8
region_02,2023-05-01,control,1,56594.75
region_02,2023-05-08,control,1,57708.08
region_02,2023-05-15,control,1,54475.69
region_02,2023-05-22,control,1,55529.71
region_02,2023-05-29,control,1,54351.17
region_02,2023-06-05,control,1,60578.71
region_02,2023-06-12,control,1,51016.38
region_02,2023-06-19,control,1,57037.76
region_02,2023-06-26,control,1,66489.54
region_02,2023-07-03,control,0,53309.95
region_02,2023-07-10,control,0,58524.41
region_02,2023-07-17,control,0,49570.28
region_02,2023-07-24,control,0,51031.4
region_02,2023-07-31,control,0,45939.27
region_02,2023-08-07,control,0,41741.94
region_02,2023-08-14,control,0,43865.05
region_02,2023-08-21,control,0,42278.74
region_02,2023-08-28,control,0,41011.74
region_02,2023-09-04,control,0,43548.0
region_02,2023-09-11,control,0,39195.5
region_02,2023-09-18,control,0,36952.52
region_02,2023-09-25,control,0,36080.43
region_02,2023-10-02,control,0,34571.05
region_02,2023-10-09,control,0,33824.93
region_02,2023-10-16,control,0,37351.72
region_02,2023-10-23,control,0,34961.24
region_02,2023-10-30,control,0,24871.89
region_02,2023-11-06,control,0,29523.52
region_02,2023-11-13,control,0,31966.25
region_02,2023-11-20,control,0,29968.88
region_02,2023-11-27,control,0,28003.69
region_02,2023-12-04,control,0,25338.52
region_02,2023-12-11,control,0,31239.77
region_02,2023-12-18,control,0,30415.93
region_02,2023-12-25,control,0,25014.32
region_03,2022-01-03,control,1,47666.69
region_03,2022-01-10,control,1,44855.8
region_03,2022-01-17,control,1,44830.32
region_03,2022-01-24,control,1,41490.39
region_03,2022-01-31,control,1,53820.02
region_03,2022-02-07,control,1,59186.65
region_03,2022-02-14,control,1,59852.47
region_03,2022-02-21,control,1,60696.62
region_03,2022-02-28,control,1,56780.52
region_03,2022-03-07,control,1,56812.15
region_03,2022-03-14,control,1,69611.66
region_03,2022-03-21,control,1,61739.81
region_03,2022-03-28,control,1,65711.23
region_03,2022-04-04,control,1,67951.42
region_03,2022-04-11,control,1,74245.97
region_03,2022-04-18,control,1,76342.09
region_03,2022-04-25,control,1,82704.24
region_03,2022-05-02,control,1,79256.16
region_03,2022-05-09,control,1,79522.4
region_03,2022-05-16,control,1,88516.21
region_03,2022-05-23,control,1,77630.15
region_03,2022-05-30,control,1,82308.7
region_03,2022-06-06,control,1,75497.62
region_03,2022-06-13,control,1,83156.96
region_03,2022-06-20,control,1,87036.79
region_03,2022-06-27,control,1,77022.05
region_03,2022-07-04,control,1,90798.23
region_03,2022-07-11,control,1,79222.87
region_03,2022-07-18,control,1,81117.91
region_03,2022-07-25,control,1,66711.57
region_03,2022-08-01,control,1,82679.31
region_03,2022-08-08,control,1,78754.23
region_03,2022-08-15,control,1,59298.35
region_03,2022-08-22,control,1,60743.86
region_03,2022-08-29,control,1,70307.46
region_03,2022-09-05,control,1,68709.76
region_03,2022-09-12,control,1,52465.31
region_03,2022-09-19,control,1,62949.97
region_03,2022-09-26,control,1,54286.31
region_03,2022-10-03,control,1,54869.31
region_03,2022-10-10,control,1,52493.81
region_03,2022-10-17,control,1,48495.63
region_03,2022-10-24,control,1,49109.61
region_03,2022-10-31,control,1,45114.63
region_03,2022-11-07,control,1,45242.72
region_03,2022-11-14,control,1,42293.87
region_03,2022-11-21,control,1,50576.24
region_03,2022-11-28,control,1,43734.9
region_03,2022-12-05,control,1,48969.75
region_03,2022-12-12,control,1,47670.43
region_03,2022-12-19,control,1,50013.32
region_03,2022-12-26,control,1,44970.21
region_03,2023-01-02,control,1,46793.49
region_03,2023-01-09,control,1,49116.1
region_03,2023-01-16,control,1,45206.91
region_03,2023-01-23,control,1,51974.18
region_03,2023-01-30,control,1,52111.92
region_03,2023-02-06,control,1,60564.08
region_03,2023-02-13,control,1,63884.66
region_03,2023-02-20,control,1,68074.5
region_03,2023-02-27,control,1,52808.79
region_03,2023-03-06,control,1,67418.72
region_03,2023-03-13,control,1,64326.5
region_03,2023-03-20,control,1,64545.63
region_03,2023-03-27,control,1,78973.99
region_03,2023-04-03,control,1,66570.73
region_03,2023-04-10,control,1,75569.54
region_03,2023-04-17,control,1,70344.43
region_03,2023-04-24,control,1,62587.67
region_03,2023-05-01,control,1,69526.11
region_03,2023-05-08,control,1,65396.01
region_03,2023-05-15,control,1,78254.8
region_03,2023-05-22,control,1,73327.67
region_03,2023-05-29,control,1,89751.79
region_03,2023-06-05,control,1,86096.43
region_03,2023-06-12,control,1,76096.94
region_03,2023-06-19,control,1,75016.25
region_03,2023-06-26,control,1,77357.41
region_03,2023-07-03,control,0,75342.45
region_03,2023-07-10,control,0,84007.76
region_03,2023-07-17,control,0,71987.48
region_03,2023-07-24,control,0,74161.59
region_03,2023-07-31,control,0,68658.01
region_03,2023-08-07,control,0,73114.63
region_03,2023-08-14,control,0,71829.18
region_03,2023-08-21,control,0,72031.43
region_03,2023-08-28,control,0,68303.89
region_03,2023-09-04,control,0,49508.53
region_03,2023-09-11,control,0,51956.39
region_03,2023-09-18,control,0,57918.54
region_03,2023-09-25,control,0,55882.71
region_03,2023-10-02,control,0,51625.03
region_03,2023-10-09,control,0,54827.37
region_03,2023-10-16,control,0,55081.71
region_03,2023-10-23,control,0,44974.68
region_03,2023-10-30,control,0,40464.06
region_03,2023-11-06,control,0,46647.23
region_03,2023-11-13,control,0,42019.23
region_03,2023-11-20,control,0,36077.68
region_03,2023-11-27,control,0,44086.17
region_03,2023-12-04,control,0,44483.77
region_03,2023-12-11,control,0,40660.65
region_03,2023-12-18,control,0,42939.76
region_03,2023-12-25,control,0,45275.29
region_04,2022-01-03,control,1,43701.53
region_04,2022-01-10,control,1,47284.74
region_04,2022-01-17,control,1,47145.31
region_04,2022-01-24,control,1,37460.3
region_04,2022-01-31,control,1,47061.48
region_04,2022-02-07,control,1,48456.38
region_04,2022-02-14,control,1,47031.71
region_04,2022-02-21,control,1,56199.15
region_04,2022-02-28,control,1,56228.3
region_04,2022-03-07,control,1,56677.86
region_04,2022-03-14,control,1,53277.18
region_04,2022-03-21,control,1,59595.35
region_04,2022-03-28,control,1,67200.77
region_04,2022-04-04,control,1,71244.58
region_04,2022-04-11,control,1,62654.75
region_04,2022-04-18,control,1,63308.03
region_04,2022-04-25,control,1,69665.79
region_04,2022-05-02,control,1,62380.61
region_04,2022-05-09,control,1,58012.57
region_04,2022-05-16,control,1,68544.43
region_04,2022-05-23,control,1,73926.56
region_04,2022-05-30,control,1,66655.99
region_04,2022-06-06,control,1,74874.08
region_04,2022-06-13,control,1,69005.15
region_04,2022-06-20,control,1,73741.84
region_04,2022-06-27,control,1,73463.64
region_04,2022-07-04,control,1,75273.83
region_04,2022-07-11,control,1,64306.35
region_04,2022-07-18,control,1,62757.8
region_04,2022-07-25,control,1,60322.77
region_04,2022-08-01,control,1,66349.67
region_04,2022-08-08,control,1,69299.24
region_04,2022-08-15,control,1,66488.05
region_04,2022-08-22,control,1,54310.94
region_04,2022-08-29,control,1,58329.73
region_04,2022-09-05,control,1,60564.58
region_04,2022-09-12,control,1,55375.65
region_04,2022-09-19,control,1,45931.95
region_04,2022-09-26,control,1,57142.15
region_04,2022-10-03,control,1,52727.16
region_04,2022-10-10,control,1,46190.57
region_04,2022-10-17,control,1,44600.02
region_04,2022-10-24,control,1,44093.18
region_04,2022-10-31,control,1,47054.38
region_04,2022-11-07,control,1,39741.04
region_04,2022-11-14,control,1,45678.19
region_04,2022-11-21,control,1,39242.68
region_04,2022-11-28,control,1,43504.63
region_04,2022-12-05,control,1,39220.48
region_04,2022-12-12,control,1,41562.16
region_04,2022-12-19,control,1,38371.99
region_04,2022-12-26,control,1,39717.61
region_04,2023-01-02,control,1,42352.47
region_04,2023-01-09,control,1,43829.96
region_04,2023-01-16,control,1,37415.95
region_04,2023-01-23,control,1,42749.46
region_04,2023-01-30,control,1,50128.27
region_04,2023-02-06,control,1,45090.96
region_04,2023-02-13,control,1,54545.9
region_04,2023-02-20,control,1,49166.9
region_04,2023-02-27,control,1,54339.74
region_04,2023-03-06,control,1,53954.64
region_04,2023-03-13,control,1,63889.61
region_04,2023-03-20,control,1,68909.34
region_04,2023-03-27,control,1,57728.41
region_04,2023-04-03,control,1,63662.28
region_04,2023-04-10,control,1,59355.77
region_04,2023-04-17,control,1,61331.21
region_04,2023-04-24,control,1,73159.6
region_04,2023-05-01,control,1,68366.24
region_04,2023-05-08,control,1,70124.88
region_04,2023-05-15,control,1,72365.78
region_04,2023-05-22,control,1,67350.67
region_04,2023-05-29,control,1,63517.88
region_04,2023-06-05,control,1,65468.54
region_04,2023-06-12,control,1,67832.91
region_04,2023-06-19,control,1,78816.82
region_04,2023-06-26,control,1,72184.26
region_04,2023-07-03,control,0,67111.73
region_04,2023-07-10,control,0,58807.86
region_04,2023-07-17,control,0,57721.12
region_04,2023-07-24,control,0,60351.7
region_04,2023-07-31,control,0,60881.16
region_04,2023-08-07,control,0,56849.54
region_04,2023-08-14,control,0,54910.36
region_04,2023-08-21,control,0,54428.58
region_04,2023-08-28,control,0,51962.55
region_04,2023-09-04,control,0,52156.29
region_04,2023-09-11,control,0,51901.89
region_04,2023-09-18,control,0,52277.4
region_04,2023-09-25,control,0,43292.27
region_04,2023-10-02,control,0,45456.13
region_04,2023-10-09,control,0,51166.59
region_04,2023-10-16,control,0,41356.67
region_04,2023-10-23,control,0,41079.42
region_04,2023-10-30,control,0,37148.24
region_04,2023-11-06,control,0,41085.76
region_04,2023-11-13,control,0,36085.33
region_04,2023-11-20,control,0,43678.61
region_04,2023-11-27,control,0,35758.17
region_04,2023-12-04,control,0,36182.07
region_04,2023-12-11,control,0,38148.57
region_04,2023-12-18,control,0,45158.69
region_04,2023-12-25,control,0,34345.04
region_05,2022-01-03,control,1,41479.36
region_05,2022-01-10,control,1,46852.36
region_05,2022-01-17,control,1,47493.17
region_05,2022-01-24,control,1,43106.58
region_05,2022-01-31,control,1,45800.19
region_05,2022-02-07,control,1,51523.24
region_05,2022-02-14,control,1,46737.07
region_05,2022-02-21,control,1,54984.72
region_05,2022-02-28,control,1,53034.77
region_05,2022-03-07,control,1,52572.43
region_05,2022-03-14,control,1,53559.26
region_05,2022-03-21,control,1,58710.64
region_05,2022-03-28,control,1,63139.58
region_05,2022-04-04,control,1,60417.57
region_05,2022-04-11,control,1,63198.21
region_05,2022-04-18,control,1,67557.13
region_05,2022-04-25,control,1,83679.41
region_05,2022-05-02,control,1,70957.07
region_05,2022-05-09,control,1,72461.77
region_05,2022-05-16,control,1,70935.58
region_05,2022-05-23,control,1,83604.21
region_05,2022-05-30,control,1,60525.44
region_05,2022-06-06,control,1,65708.38
region_05,2022-06-13,control,1,67066.19
region_05,2022-06-20,control,1,76574.83
region_05,2022-06-27,control,1,68371.32
region_05,2022-07-04,control,1,74658.52
region_05,2022-07-11,control,1,54951.28
region_05,2022-07-18,control,1,69711.98
region_05,2022-07-25,control,1,60007.1
region_05,2022-08-01,control,1,69635.9
region_05,2022-08-08,control,1,57923.12
region_05,2022-08-15,control,1,57755.72
region_05,2022-08-22,control,1,53193.66
region_05,2022-08-29,control,1,52721.29
region_05,2022-09-05,control,1,55774.14
region_05,2022-09-12,control,1,52426.94
region_05,2022-09-19,control,1,49057.5
region_05,2022-09-26,control,1,43904.56
region_05,2022-10-03,control,1,45620.44
region_05,2022-10-10,control,1,50819.85
region_05,2022-10-17,control,1,45839.83
region_05,2022-10-24,control,1,45281.01
region_05,2022-10-31,control,1,47486.7
region_05,2022-11-07,control,1,44763.84
region_05,2022-11-14,control,1,45036.64
region_05,2022-11-21,control,1,40972.46
region_05,2022-11-28,control,1,38141.16
region_05,2022-12-05,control,1,40223.56
region_05,2022-12-12,control,1,40380.83
region_05,2022-12-19,control,1,33885.97
region_05,2022-12-26,control,1,39823.53
region_05,2023-01-02,control,1,45337.62
region_05,2023-01-09,control,1,35934.54
region_05,2023-01-16,control,1,37784.05
region_05,2023-01-23,control,1,41525.44
region_05,2023-01-30,control,1,44497.14
region_05,2023-02-06,control,1,47717.97
region_05,2023-02-13,control,1,57689.43
region_05,2023-02-20,control,1,55087.51
region_05,2023-02-27,control,1,55111.3
region_05,2023-03-06,control,1,55126.0
region_05,2023-03-13,control,1,57451.43
region_05,2023-03-20,control,1,64067.69
region_05,2023-03-27,control,1,67531.07
region_05,2023-04-03,control,1,59649.29
region_05,2023-04-10,control,1,67225.98
region_05,2023-04-17,control,1,67447.28
region_05,2023-04-24,control,1,73821.18
region_05,2023-05-01,control,1,77158.6
region_05,2023-05-08,control,1,72161.79
region_05,2023-05-15,control,1,70002.01
region_05,2023-05-22,control,1,62484.66
region_05,2023-05-29,control,1,65379.1
region_05,2023-06-05,control,1,73223.39
region_05,2023-06-12,control,1,78712.61
region_05,2023-06-19,control,1,81211.43
region_05,2023-06-26,control,1,58489.83
region_05,2023-07-03,control,0,65247.46
region_05,2023-07-10,control,0,67877.39
region_05,2023-07-17,control,0,70017.77
region_05,2023-07-24,control,0,62019.97
region_05,2023-07-31,control,0,61054.25
region_05,2023-08-07,control,0,61700.11
region_05,2023-08-14,control,0,50171.79
region_05,2023-08-21,control,0,55490.77
region_05,2023-08-28,control,0,53436.22
region_05,2023-09-04,control,0,54994.21
region_05,2023-09-11,control,0,53324.45
region_05,2023-09-18,control,0,47053.53
region_05,2023-09-25,control,0,47705.69
region_05,2023-10-02,control,0,46244.57
region_05,2023-10-09,control,0,43325.62
region_05,2023-10-16,control,0,46313.28
region_05,2023-10-23,control,0,40845.7
region_05,2023-10-30,control,0,47153.74
region_05,2023-11-06,control,0,36718.5
region_05,2023-11-13,control,0,40771.11
region_05,2023-11-20,control,0,41187.61
region_05,2023-11-27,control,0,34166.16
region_05,2023-12-04,control,0,38926.13
region_05,2023-12-11,control,0,41690.02
region_05,2023-12-18,control,0,39685.25
region_05,2023-12-25,control,0,31456.82
region_06,2022-01-03,control,1,41894.4
region_06,2022-01-10,control,1,47405.6
region_06,2022-01-17,control,1,46879.61
region_06,2022-01-24,control,1,49757.78
region_06,2022-01-31,control,1,55405.27
region_06,2022-02-07,control,1,46415.31
region_06,2022-02-14,control,1,47742.3
region_06,2022-02-21,control,1,57185.06
region_06,2022-02-28,control,1,58634.55
region_06,2022-03-07,control,1,53706.23
region_06,2022-03-14,control,1,68588.82
region_06,2022-03-21,control,1,64871.66
region_06,2022-03-28,control,1,60835.35
region_06,2022-04-04,control,1,65329.03
region_06,2022-04-11,control,1,57230.65
region_06,2022-04-18,control,1,71300.02
region_06,2022-04-25,control,1,64189.64
region_06,2022-05-02,control,1,70269.61
region_06,2022-05-09,control,1,72863.19
region_06,2022-05-16,control,1,85441.71
region_06,2022-05-23,control,1,82949.32
region_06,2022-05-30,control,1,62022.35
region_06,2022-06-06,control,1,70028.67
region_06,2022-06-13,control,1,77191.76
region_06,2022-06-20,control,1,74776.33
region_06,2022-06-27,control,1,81346.73
region_06,2022-07-04,control,1,67376.54
region_06,2022-07-11,control,1,71238.8
region_06,2022-07-18,control,1,66333.67
region_06,2022-07-25,control,1,70498.26
region_06,2022-08-01,control,1,65749.87
region_06,2022-08-08,control,1,70232.82
region_06,2022-08-15,control,1,61630.51
region_06,2022-08-22,control,1,58934.17
region_06,2022-08-29,control,1,72391.41
region_06,2022-09-05,control,1,64814.07
region_06,2022-09-12,control,1,61478.22
region_06,2022-09-19,control,1,51681.05
region_06,2022-09-26,control,1,48133.44
region_06,2022-10-03,control,1,42433.24
region_06,2022-10-10,control,1,50067.09
region_06,2022-10-17,control,1,49745.07
region_06,2022-10-24,control,1,42645.65
region_06,2022-10-31,control,1,46150.19
region_06,2022-11-07,control,1,37393.47
region_06,2022-11-14,control,1,53147.47
region_06,2022-11-21,control,1,38752.8
region_06,2022-11-28,control,1,38672.78
region_06,2022-12-05,control,1,39045.93
region_06,2022-12-12,control,1,45178.73
region_06,2022-12-19,control,1,44708.44
region_06,2022-12-26,control,1,43318.9
region_06,2023-01-02,control,1,52212.72
region_06,2023-01-09,control,1,45806.53
region_06,2023-01-16,control,1,47259.23
region_06,2023-01-23,control,1,49731.64
region_06,2023-01-30,control,1,46975.08
region_06,2023-02-06,control,1,44013.77
region_06,2023-02-13,control,1,51216.48
region_06,2023-02-20,control,1,46799.53
region_06,2023-02-27,control,1,60613.69
region_06,2023-03-06,control,1,59955.58
region_06,2023-03-13,control,1,56151.52
region_06,2023-03-20,control,1,60536.56
region_06,2023-03-27,control,1,66919.48
region_06,2023-04-03,control,1,69428.32
region_06,2023-04-10,control,1,69215.25
region_06,2023-04-17,control,1,60829.33
region_06,2023-04-24,control,1,60989.57
region_06,2023-05-01,control,1,69994.95
region_06,2023-05-08,control,1,77266.64
region_06,2023-05-15,control,1,71931.28
region_06,2023-05-22,control,1,80590.95
region_06,2023-05-29,control,1,85115.86
region_06,2023-06-05,control,1,71470.56
region_06,2023-06-12,control,1,65822.92
region_06,2023-06-19,control,1,80677.4
region_06,2023-06-26,control,1,90249.87
region_06,2023-07-03,control,0,70681.82
region_06,2023-07-10,control,0,66030.84
region_06,2023-07-17,control,0,75612.85
region_06,2023-07-24,control,0,69740.11
region_06,2023-07-31,control,0,66271.53
region_06,2023-08-07,control,0,62837.38
region_06,2023-08-14,control,0,61878.29
region_06,2023-08-21,control,0,55601.26
region_06,2023-08-28,control,0,68386.44
region_06,2023-09-04,control,0,52909.67
region_06,2023-09-11,control,0,40133.3
region_06,2023-09-18,control,0,51539.5
region_06,2023-09-25,control,0,51915.52
region_06,2023-10-02,control,0,54502.43
region_06,2023-10-09,control,0,44759.81
region_06,2023-10-16,control,0,40120.62
region_06,2023-10-23,control,0,47592.09
region_06,2023-10-30,control,0,39596.89
region_06,2023-11-06,control,0,42956.34
region_06,2023-11-13,control,0,36863.72
region_06,2023-11-20,control,0,36675.34
region_06,2023-11-27,control,0,37921.68
region_06,2023-12-04,control,0,35225.31
region_06,2023-12-11,control,0,34146.95
region_06,2023-12-18,control,0,37730.23
region_06,2023-12-25,control,0,40404.2
region_07,2022-01-03,control,1,41358.9
region_07,2022-01-10,control,1,40861.87
region_07,2022-01-17,control,1,41195.16
region_07,2022-01-24,control,1,38341.12
region_07,2022-01-31,control,1,44490.19
region_07,2022-02-07,control,1,46990.74
region_07,2022-02-14,control,1,46018.85
region_07,2022-02-21,control,1,49012.4
region_07,2022-02-28,control,1,53995.74
region_07,2022-03-07,control,1,50317.89
region_07,2022-03-14,control,1,48291.16
region_07,2022-03-21,control,1,60114.56
region_07,2022-03-28,control,1,60453.2
region_07,2022-04-04,control,1,63244.13
region_07,2022-04-11,control,1,58409.62
region_07,2022-04-18,control,1,62845.95
region_07,2022-04-25,control,1,65531.37
region_07,2022-05-02,control,1,68690.51
region_07,2022-05-09,control,1,68335.87
region_07,2022-05-16,control,1,63836.49
region_07,2022-05-23,control,1,67778.01
region_07,2022-05-30,control,1,61228.27
region_07,2022-06-06,control,1,68781.08
region_07,2022-06-13,control,1,77388.23
region_07,2022-06-20,control,1,57732.52
region_07,2022-06-27,control,1,65713.79
region_07,2022-07-04,control,1,64952.64
region_07,2022-07-11,control,1,66044.68
region_07,2022-07-18,control,1,62343.87
region_07,2022-07-25,control,1,56736.98
region_07,2022-08-01,control,1,63026.31
region_07,2022-08-08,control,1,62954.05
region_07,2022-08-15,control,1,64295.46
region_07,2022-08-22,control,1,58332.38
region_07,2022-08-29,control,1,58885.16
region_07,2022-09-05,control,1,49120.18
region_07,2022-09-12,control,1,48369.88
region_07,2022-09-19,control,1,41648.97
region_07,2022-09-26,control,1,50723.04
region_07,2022-10-03,control,1,45176.91
region_07,2022-10-10,control,1,45318.18
region_07,2022-10-17,control,1,45560.16
region_07,2022-10-24,control,1,44771.15
region_07,2022-10-31,control,1,38679.21
region_07,2022-11-07,control,1,37296.39
region_07,2022-11-14,control,1,37358.64
region_07,2022-11-21,control,1,34915.94
region_07,2022-11-28,control,1,38280.63
region_07,2022-12-05,control,1,40842.15
region_07,2022-12-12,control,1,32248.75
region_07,2022-12-19,control,1,36950.44
region_07,2022-12-26,control,1,34529.45
region_07,2023-01-02,control,1,36780.63
region_07,2023-01-09,control,1,38878.08
region_07,2023-01-16,control,1,45690.29
region_07,2023-01-23,control,1,48551.4
region_07,2023-01-30,control,1,46860.38
region_07,2023-02-06,control,1,46177.58
region_07,2023-02-13,control,1,47953.19
region_07,2023-02-20,control,1,52163.64
region_07,2023-02-27,control,1,54251.61
region_07,2023-03-06,control,1,55456.61
region_07,2023-03-13,control,1,59043.12
region_07,2023-03-20,control,1,53493.76
region_07,2023-03-27,control,1,57357.46
region_07,2023-04-03,control,1,63362.67
region_07,2023-04-10,control,1,59087.7
region_07,2023-04-17,control,1,74130.64
region_07,2023-04-24,control,1,67575.61
region_07,2023-05-01,control,1,63143.6
region_07,2023-05-08,control,1,75195.61
region_07,2023-05-15,control,1,71120.04
region_07,2023-05-22,control,1,63513.12
region_07,2023-05-29,control,1,68933.49
region_07,2023-06-05,control,1,63548.73
region_07,2023-06-12,control,1,70131.46
region_07,2023-06-19,control,1,61753.12
region_07,2023-06-26,control,1,67661.89
region_07,2023-07-03,control,0,63357.61
region_07,2023-07-10,control,0,65031.26
region_07,2023-07-17,control,0,64608.1
region_07,2023-07-24,control,0,63224.28
region_07,2023-07-31,control,0,59732.24
region_07,2023-08-07,control,0,52705.03
region_07,2023-08-14,control,0,56577.94
region_07,2023-08-21,control,0,52600.66
region_07,2023-08-28,control,0,58796.11
region_07,2023-09-04,control,0,53143.39
region_07,2023-09-11,control,0,41789.15
region_07,2023-09-18,control,0,47607.79
region_07,2023-09-25,control,0,53758.39
region_07,2023-10-02,control,0,40151.32
region_07,2023-10-09,control,0,43653.07
region_07,2023-10-16,control,0,38947.94
region_07,2023-10-23,control,0,44072.56
region_07,2023-10-30,control,0,35881.03
region_07,2023-11-06,control,0,36604.62
region_07,2023-11-13,control,0,38014.36
region_07,2023-11-20,control,0,31864.22
region_07,2023-11-27,control,0,34876.32
region_07,2023-12-04,control,0,36734.91
region_07,2023-12-11,control,0,28898.35
region_07,2023-12-18,control,0,38093.39
region_07,2023-12-25,control,0,32936.71
region_08,2022-01-03,control,1,48554.09
region_08,2022-01-10,control,1,45074.0
region_08,2022-01-17,control,1,44535.58
region_08,2022-01-24,control,1,46956.16
region_08,2022-01-31,control,1,57325.24
region_08,2022-02-07,control,1,53945.52
region_08,2022-02-14,control,1,65150.74
region_08,2022-02-21,control,1,63857.71
region_08,2022-02-28,control,1,69942.01
region_08,2022-03-07,control,1,63346.15
region_08,2022-03-14,control,1,66574.18
region_08,2022-03-21,control,1,60175.37
region_08,2022-03-28,control,1,69855.81
region_08,2022-04-04,control,1,76615.5
region_08,2022-04-11,control,1,88767.48
region_08,2022-04-18,control,1,71821.9
region_08,2022-04-25,control,1,70091.27
region_08,2022-05-02,control,1,84972.85
region_08,2022-05-09,control,1,73424.25
region_08,2022-05-16,control,1,77384.81
region_08,2022-05-23,control,1,93477.68
region_08,2022-05-30,control,1,78645.99
region_08,2022-06-06,control,1,87119.57
region_08,2022-06-13,control,1,90748.08
region_08,2022-06-20,control,1,77086.24
region_08,2022-06-27,control,1,78845.32
region_08,2022-07-04,control,1,78505.18
region_08,2022-07-11,control,1,79536.43
region_08,2022-07-18,control,1,70797.53
region_08,2022-07-25,control,1,72904.59
region_08,2022-08-01,control,1,56853.45
region_08,2022-08-08,control,1,65515.54
region_08,2022-08-15,control,1,72520.69
region_08,2022-08-22,control,1,72291.38
region_08,2022-08-29,control,1,69410.3
region_08,2022-09-05,control,1,71629.23
region_08,2022-09-12,control,1,66107.9
region_08,2022-09-19,control,1,56834.13
region_08,2022-09-26,control,1,60343.62
region_08,2022-10-03,control,1,49665.62
region_08,2022-10-10,control,1,49067.75
region_08,2022-10-17,control,1,52152.75
region_08,2022-10-24,control,1,45766.12
region_08,2022-10-31,control,1,41607.8
region_08,2022-11-07,control,1,48484.09
region_08,2022-11-14,control,1,49861.61
region_08,2022-11-21,control,1,49497.32
region_08,2022-11-28,control,1,50289.2
region_08,2022-12-05,control,1,48450.76
region_08,2022-12-12,control,1,43312.21
region_08,2022-12-19,control,1,45202.0
region_08,2022-12-26,control,1,44955.33
region_08,2023-01-02,control,1,46630.86
region_08,2023-01-09,control,1,50089.37
region_08,2023-01-16,control,1,47914.99
region_08,2023-01-23,control,1,47992.13
region_08,2023-01-30,control,1,53104.57
region_08,2023-02-06,control,1,63117.49
region_08,2023-02-13,control,1,61434.68
region_08,2023-02-20,control,1,53744.42
region_08,2023-02-27,control,1,57535.38
region_08,2023-03-06,control,1,67994.54
region_08,2023-03-13,control,1,66212.88
region_08,2023-03-20,control,1,63187.49
region_08,2023-03-27,control,1,75025.15
region_08,2023-04-03,control,1,70219.19
region_08,2023-04-10,control,1,74367.08
region_08,2023-04-17,control,1,72743.4
region_08,2023-04-24,control,1,69011.34
region_08,2023-05-01,control,1,74368.19
region_08,2023-05-08,control,1,82153.53
region_08,2023-05-15,control,1,77056.48
region_08,2023-05-22,control,1,76767.18
region_08,2023-05-29,control,1,73037.85
region_08,2023-06-05,control,1,81958.11
region_08,2023-06-12,control,1,82032.41
region_08,2023-06-19,control,1,75071.19
region_08,2023-06-26,control,1,80632.43
region_08,2023-07-03,control,0,77544.5
region_08,2023-07-10,control,0,77131.08
region_08,2023-07-17,control,0,75379.6
region_08,2023-07-24,control,0,68799.03
region_08,2023-07-31,control,0,72470.06
region_08,2023-08-07,control,0,68922.75
region_08,2023-08-14,control,0,68127.03
region_08,2023-08-21,control,0,68911.76
region_08,2023-08-28,control,0,67430.33
region_08,2023-09-04,control,0,63456.15
region_08,2023-09-11,control,0,60301.77
region_08,2023-09-18,control,0,61834.29
region_08,2023-09-25,control,0,50682.05
region_08,2023-10-02,control,0,47677.41
region_08,2023-10-09,control,0,55423.6
region_08,2023-10-16,control,0,52944.52
region_08,2023-10-23,control,0,50322.75
region_08,2023-10-30,control,0,44714.05
region_08,2023-11-06,control,0,50351.77
region_08,2023-11-13,control,0,40875.93
region_08,2023-11-20,control,0,41017.69
region_08,2023-11-27,control,0,38667.6
region_08,2023-12-04,control,0,40690.28
region_08,2023-12-11,control,0,42839.51
region_08,2023-12-18,control,0,41348.72
region_08,2023-12-25,control,0,45708.04
region_09,2022-01-03,control,1,51463.87
region_09,2022-01-10,control,1,53259.4
region_09,2022-01-17,control,1,55976.29
region_09,2022-01-24,control,1,57116.4
region_09,2022-01-31,control,1,58140.83
region_09,2022-02-07,control,1,54900.73
region_09,2022-02-14,control,1,56755.44
region_09,2022-02-21,control,1,57384.52
region_09,2022-02-28,control,1,58154.92
region_09,2022-03-07,control,1,56073.62
region_09,2022-03-14,control,1,69499.32
region_09,2022-03-21,control,1,68351.81
region_09,2022-03-28,control,1,71662.06
region_09,2022-04-04,control,1,76723.82
region_09,2022-04-11,control,1,74823.02
region_09,2022-04-18,control,1,74093.1
region_09,2022-04-25,control,1,76702.93
region_09,2022-05-02,control,1,75520.52
region_09,2022-05-09,control,1,86990.79
region_09,2022-05-16,control,1,72592.15
region_09,2022-05-23,control,1,84910.01
region_09,2022-05-30,control,1,83148.21
region_09,2022-06-06,control,1,73570.87
region_09,2022-06-13,control,1,81186.04
region_09,2022-06-20,control,1,86165.82
region_09,2022-06-27,control,1,80102.15
region_09,2022-07-04,control,1,75484.89
region_09,2022-07-11,control,1,79616.73
region_09,2022-07-18,control,1,68943.0
region_09,2022-07-25,control,1,72898.66
region_09,2022-08-01,control,1,67763.11
region_09,2022-08-08,control,1,74097.89
region_09,2022-08-15,control,1,76715.85
region_09,2022-08-22,control,1,70866.94
region_09,2022-08-29,control,1,75362.93
region_09,2022-09-05,control,1,69473.76
region_09,2022-09-12,control,1,57508.03
region_09,2022-09-19,control,1,58701.82
region_09,2022-09-26,control,1,59367.83
region_09,2022-10-03,control,1,52251.16
region_09,2022-10-10,control,1,55608.61
region_09,2022-10-17,control,1,53528.31
region_09,2022-10-24,control,1,51424.44
region_09,2022-10-31,control,1,48538.84
region_09,2022-11-07,control,1,43915.84
region_09,2022-11-14,control,1,48328.93
region_09,2022-11-21,control,1,46424.68
region_09,2022-11-28,control,1,43021.48
region_09,2022-12-05,control,1,45817.7
region_09,2022-12-12,control,1,44427.98
region_09,2022-12-19,control,1,47971.08
region_09,2022-12-26,control,1,48688.38
region_09,2023-01-02,control,1,45709.97
region_09,2023-01-09,control,1,48682.14
region_09,2023-01-16,control,1,48329.63
region_09,2023-01-23,control,1,57813.4
region_09,2023-01-30,control,1,52167.59
region_09,2023-02-06,control,1,56794.36
region_09,2023-02-13,control,1,65847.55
region_09,2023-02-20,control,1,47638.2
region_09,2023-02-27,control,1,65037.2
region_09,2023-03-06,control,1,66705.91
region_09,2023-03-13,control,1,63051.31
region_09,2023-03-20,control,1,60955.14
region_09,2023-03-27,control,1,68111.2
region_09,2023-04-03,control,1,71090.44
region_09,2023-04-10,control,1,76559.89
region_09,2023-04-17,control,1,67936.66
region_09,2023-04-24,control,1,71871.86
region_09,2023-05-01,control,1,76277.57
region_09,2023-05-08,control,1,93454.5
region_09,2023-05-15,control,1,78901.56
region_09,2023-05-22,control,1,76741.68
region_09,2023-05-29,control,1,87641.2
region_09,2023-06-05,control,1,71793.89
region_09,2023-06-12,control,1,76664.93
region_09,2023-06-19,control,1,68999.63
region_09,2023-06-26,control,1,80751.11
region_09,2023-07-03,control,0,74328.77
region_09,2023-07-10,control,0,84940.52
region_09,2023-07-17,control,0,76613.07
region_09,2023-07-24,control,0,73449.6
region_09,2023-07-31,control,0,66291.4
region_09,2023-08-07,control,0,68693.1
region_09,2023-08-14,control,0,73141.34
region_09,2023-08-21,control,0,60953.21
region_09,2023-08-28,control,0,68227.21
region_09,2023-09-04,control,0,55942.79
region_09,2023-09-11,control,0,58308.01
region_09,2023-09-18,control,0,60461.1
region_09,2023-09-25,control,0,57733.55
region_09,2023-10-02,control,0,49294.81
region_09,2023-10-09,control,0,48686.91
region_09,2023-10-16,control,0,49009.48
region_09,2023-10-23,control,0,54432.57
region_09,2023-10-30,control,0,52701.61
region_09,2023-11-06,control,0,49348.51
region_09,2023-11-13,control,0,47428.41
region_09,2023-11-20,control,0,38907.84
region_09,2023-11-27,control,0,47460.91
region_09,2023-12-04,control,0,39387.71
region_09,2023-12-11,control,0,39857.06
region_09,2023-12-18,control,0,44819.03
region_09,2023-12-25,control,0,44335.95
region_10,2022-01-03,test,1,28234.66
region_10,2022-01-10,test,1,32489.23
region_10,2022-01-17,test,1,28743.14
region_10,2022-01-24,test,1,30861.56
region_10,2022-01-31,test,1,34217.95
region_10,2022-02-07,test,1,37055.99
region_10,2022-02-14,test,1,40027.22
region_10,2022-02-21,test,1,42381.74
region_10,2022-02-28,test,1,41925.6
region_10,2022-03-07,test,1,45739.41
region_10,2022-03-14,test,1,41186.84
region_10,2022-03-21,test,1,41653.34
region_10,2022-03-28,test,1,45953.76
region_10,2022-04-04,test,1,50493.11
region_10,2022-04-11,test,1,52411.76
region_10,2022-04-18,test,1,55329.67
region_10,2022-04-25,test,1,53607.75
region_10,2022-05-02,test,1,60408.32
region_10,2022-05-09,test,1,56288.01
region_10,2022-05-16,test,1,53316.14
region_10,2022-05-23,test,1,58306.19
region_10,2022-05-30,test,1,61044.14
region_10,2022-06-06,test,1,48154.87
region_10,2022-06-13,test,1,52438.23
region_10,2022-06-20,test,1,49700.14
region_10,2022-06-27,test,1,52967.51
region_10,2022-07-04,test,1,50719.61
region_10,2022-07-11,test,1,54409.14
region_10,2022-07-18,test,1,56588.11
region_10,2022-07-25,test,1,55433.43
region_10,2022-08-01,test,1,52631.89
region_10,2022-08-08,test,1,49191.55
region_10,2022-08-15,test,1,43238.7
region_10,2022-08-22,test,1,49591.92
region_10,2022-08-29,test,1,48500.43
region_10,2022-09-05,test,1,31339.32
region_10,2022-09-12,test,1,47963.8
region_10,2022-09-19,test,1,34787.81
region_10,2022-09-26,test,1,35610.3
region_10,2022-10-03,test,1,38693.0
region_10,2022-10-10,test,1,32513.31
region_10,2022-10-17,test,1,34421.26
region_10,2022-10-24,test,1,30469.13
region_10,2022-10-31,test,1,34346.96
region_10,2022-11-07,test,1,31231.25
region_10,2022-11-14,test,1,30131.76
region_10,2022-11-21,test,1,32570.47
region_10,2022-11-28,test,1,29538.37
region_10,2022-12-05,test,1,32921.51
region_10,2022-12-12,test,1,28800.75
region_10,2022-12-19,test,1,28657.99
region_10,2022-12-26,test,1,31618.19
region_10,2023-01-02,test,1,32805.23
region_10,2023-01-09,test,1,32334.2
region_10,2023-01-16,test,1,32059.02
region_10,2023-01-23,test,1,31584.04
region_10,2023-01-30,test,1,36093.77
region_10,2023-02-06,test,1,37272.23
region_10,2023-02-13,test,1,37426.99
region_10,2023-02-20,test,1,44938.99
region_10,2023-02-27,test,1,38714.1
region_10,2023-03-06,test,1,49322.32
region_10,2023-03-13,test,1,42837.66
region_10,2023-03-20,test,1,49283.14
region_10,2023-03-27,test,1,47901.78
region_10,2023-04-03,test,1,52754.98
region_10,2023-04-10,test,1,57575.15
region_10,2023-04-17,test,1,51501.49
region_10,2023-04-24,test,1,48065.14
region_10,2023-05-01,test,1,45788.93
region_10,2023-05-08,test,1,51031.03
region_10,2023-05-15,test,1,58828.07
region_10,2023-05-22,test,1,59663.58
region_10,2023-05-29,test,1,59606.4
region_10,2023-06-05,test,1,53665.16
region_10,2023-06-12,test,1,58910.47
region_10,2023-06-19,test,1,56316.35
region_10,2023-06-26,test,1,50100.02
region_10,2023-07-03,test,1,51262.67
region_10,2023-07-10,test,1,59999.32
region_10,2023-07-17,test,1,45523.84
region_10,2023-07-24,test,1,54567.16
region_10,2023-07-31,test,1,45144.07
region_10,2023-08-07,test,1,48509.95
region_10,2023-08-14,test,1,52732.06
region_10,2023-08-21,test,1,47069.59
region_10,2023-08-28,test,1,43764.94
region_10,2023-09-04,test,1,41753.17
region_10,2023-09-11,test,1,45437.73
region_10,2023-09-18,test,1,41920.04
region_10,2023-09-25,test,1,41745.31
region_10,2023-10-02,test,1,39889.74
region_10,2023-10-09,test,1,38195.78
region_10,2023-10-16,test,1,35330.3
region_10,2023-10-23,test,1,31639.85
region_10,2023-10-30,test,1,33838.78
region_10,2023-11-06,test,1,31192.32
region_10,2023-11-13,test,1,27124.32
region_10,2023-11-20,test,1,34804.68
region_10,2023-11-27,test,1,27941.46
region_10,2023-12-04,test,1,29535.69
region_10,2023-12-11,test,1,28278.26
region_10,2023-12-18,test,1,28790.02
region_10,2023-12-25,test,1,28695.67
region_11,2022-01-03,test,1,39955.76
region_11,2022-01-10,test,1,51307.03
region_11,2022-01-17,test,1,53256.44
region_11,2022-01-24,test,1,47095.93
region_11,2022-01-31,test,1,52480.46
region_11,2022-02-07,test,1,53524.33
region_11,2022-02-14,test,1,55596.66
region_11,2022-02-21,test,1,52888.98
region_11,2022-02-28,test,1,57942.73
region_11,2022-03-07,test,1,59938.45
region_11,2022-03-14,test,1,63202.86
region_11,2022-03-21,test,1,63535.02
region_11,2022-03-28,test,1,66433.23
region_11,2022-04-04,test,1,63962.85
region_11,2022-04-11,test,1,64919.13
region_11,2022-04-18,test,1,75117.41
region_11,2022-04-25,test,1,70996.55
region_11,2022-05-02,test,1,69267.96
region_11,2022-05-09,test,1,87771.45
region_11,2022-05-16,test,1,87722.46
region_11,2022-05-23,test,1,67989.98
region_11,2022-05-30,test,1,74125.92
region_11,2022-06-06,test,1,84568.89
region_11,2022-06-13,test,1,70477.33
region_11,2022-06-20,test,1,70359.44
region_11,2022-06-27,test,1,75603.29
region_11,2022-07-04,test,1,77720.97
region_11,2022-07-11,test,1,66920.04
region_11,2022-07-18,test,1,76385.67
region_11,2022-07-25,test,1,78775.22
region_11,2022-08-01,test,1,63883.3
region_11,2022-08-08,test,1,63971.47
region_11,2022-08-15,test,1,68281.59
region_11,2022-08-22,test,1,59906.14
region_11,2022-08-29,test,1,50185.88
region_11,2022-09-05,test,1,58032.3
region_11,2022-09-12,test,1,55438.88
region_11,2022-09-19,test,1,50369.01
region_11,2022-09-26,test,1,56854.22
region_11,2022-10-03,test,1,50146.4
region_11,2022-10-10,test,1,53544.83
region_11,2022-10-17,test,1,39725.34
region_11,2022-10-24,test,1,37437.72
region_11,2022-10-31,test,1,47672.3
region_11,2022-11-07,test,1,38475.89
region_11,2022-11-14,test,1,38832.03
region_11,2022-11-21,test,1,38773.79
region_11,2022-11-28,test,1,48189.77
region_11,2022-12-05,test,1,44234.17
region_11,2022-12-12,test,1,35846.06
region_11,2022-12-19,test,1,41175.32
region_11,2022-12-26,test,1,42681.85
region_11,2023-01-02,test,1,39256.86
region_11,2023-01-09,test,1,43640.28
region_11,2023-01-16,test,1,42702.15
region_11,2023-01-23,test,1,53391.32
region_11,2023-01-30,test,1,48563.53
region_11,2023-02-06,test,1,44352.9
region_11,2023-02-13,test,1,53497.46
region_11,2023-02-20,test,1,56652.64
region_11,2023-02-27,test,1,53382.98
region_11,2023-03-06,test,1,61255.48
region_11,2023-03-13,test,1,61084.26
region_11,2023-03-20,test,1,60025.18
region_11,2023-03-27,test,1,63289.05
region_11,2023-04-03,test,1,66094.69
region_11,2023-04-10,test,1,51785.22
region_11,2023-04-17,test,1,69080.03
region_11,2023-04-24,test,1,76798.56
region_11,2023-05-01,test,1,70645.73
region_11,2023-05-08,test,1,79647.45
region_11,2023-05-15,test,1,66773.02
region_11,2023-05-22,test,1,65482.57
region_11,2023-05-29,test,1,66676.86
region_11,2023-06-05,test,1,76844.7
region_11,2023-06-12,test,1,78054.88
region_11,2023-06-19,test,1,67458.54
region_11,2023-06-26,test,1,75530.06
region_11,2023-07-03,test,1,72044.97
region_11,2023-07-10,test,1,70700.04
region_11,2023-07-17,test,1,68372.27
region_11,2023-07-24,test,1,70899.03
region_11,2023-07-31,test,1,56232.11
region_11,2023-08-07,test,1,56080.96
region_11,2023-08-14,test,1,63691.46
region_11,2023-08-21,test,1,66376.1
region_11,2023-08-28,test,1,62048.82
region_11,2023-09-04,test,1,62778.44
region_11,2023-09-11,test,1,59392.89
region_11,2023-09-18,test,1,44394.05
region_11,2023-09-25,test,1,48713.41
region_11,2023-10-02,test,1,59089.85
region_11,2023-10-09,test,1,47334.58
region_11,2023-10-16,test,1,52903.28
region_11,2023-10-23,test,1,37445.09
region_11,2023-10-30,test,1,40668.81
region_11,2023-11-06,test,1,43217.97
region_11,2023-11-13,test,1,45280.44
region_11,2023-11-20,test,1,37551.56
region_11,2023-11-27,test,1,41892.01
region_11,2023-12-04,test,1,41666.33
region_11,2023-12-11,test,1,44627.46
region_11,2023-12-18,test,1,41948.75
region_11,2023-12-25,test,1,39315.85
region_12,2022-01-03,test,1,48352.83
region_12,2022-01-10,test,1,46774.08
region_12,2022-01-17,test,1,47837.88
region_12,2022-01-24,test,1,53343.17
region_12,2022-01-31,test,1,52244.87
region_12,2022-02-07,test,1,51015.9
region_12,2022-02-14,test,1,60287.91
region_12,2022-02-21,test,1,54320.67
region_12,2022-02-28,test,1,54011.03
region_12,2022-03-07,test,1,55267.15
region_12,2022-03-14,test,1,61214.0
region_12,2022-03-21,test,1,65704.19
region_12,2022-03-28,test,1,69029.86
region_12,2022-04-04,test,1,68032.07
region_12,2022-04-11,test,1,69151.62
region_12,2022-04-18,test,1,74519.37
region_12,2022-04-25,test,1,80452.27
region_12,2022-05-02,test,1,56201.19
region_12,2022-05-09,test,1,64716.65
region_12,2022-05-16,test,1,83436.34
region_12,2022-05-23,test,1,75650.45
region_12,2022-05-30,test,1,83802.26
region_12,2022-06-06,test,1,70094.4
region_12,2022-06-13,test,1,78363.18
region_12,2022-06-20,test,1,70013.22
region_12,2022-06-27,test,1,79773.05
region_12,2022-07-04,test,1,74594.76
region_12,2022-07-11,test,1,66431.24
region_12,2022-07-18,test,1,77709.67
region_12,2022-07-25,test,1,75904.41
region_12,2022-08-01,test,1,69389.64
region_12,2022-08-08,test,1,66285.02
region_12,2022-08-15,test,1,72401.03
region_12,2022-08-22,test,1,67140.1
region_12,2022-08-29,test,1,63098.85
region_12,2022-09-05,test,1,55155.85
region_12,2022-09-12,test,1,68356.2
region_12,2022-09-19,test,1,56654.45
region_12,2022-09-26,test,1,62304.89
region_12,2022-10-03,test,1,50561.2
region_12,2022-10-10,test,1,49539.89
region_12,2022-10-17,test,1,47406.38
region_12,2022-10-24,test,1,48668.45
region_12,2022-10-31,test,1,46635.82
region_12,2022-11-07,test,1,48073.9
region_12,2022-11-14,test,1,43934.4
region_12,2022-11-21,test,1,45399.42
region_12,2022-11-28,test,1,45576.74
region_12,2022-12-05,test,1,38529.19
region_12,2022-12-12,test,1,39850.75
region_12,2022-12-19,test,1,39708.95
region_12,2022-12-26,test,1,47151.7
region_12,2023-01-02,test,1,49743.45
region_12,2023-01-09,test,1,44921.43
region_12,2023-01-16,test,1,50192.27
region_12,2023-01-23,test,1,47669.75
region_12,2023-01-30,test,1,53928.71
region_12,2023-02-06,test,1,65493.49
region_12,2023-02-13,test,1,61876.83
region_12,2023-02-20,test,1,63201.3
region_12,2023-02-27,test,1,67631.06
region_12,2023-03-06,test,1,63824.53
region_12,2023-03-13,test,1,69102.56
region_12,2023-03-20,test,1,62814.13
region_12,2023-03-27,test,1,71442.49
region_12,2023-04-03,test,1,64249.18
region_12,2023-04-10,test,1,80061.36
region_12,2023-04-17,test,1,67702.79
region_12,2023-04-24,test,1,73935.66
region_12,2023-05-01,test,1,73426.39
region_12,2023-05-08,test,1,77382.02
region_12,2023-05-15,test,1,80889.92
region_12,2023-05-22,test,1,68037.2
region_12,2023-05-29,test,1,78759.85
region_12,2023-06-05,test,1,87245.01
region_12,2023-06-12,test,1,78569.36
region_12,2023-06-19,test,1,83205.88
region_12,2023-06-26,test,1,65910.78
region_12,2023-07-03,test,1,71053.67
region_12,2023-07-10,test,1,85878.96
region_12,2023-07-17,test,1,69909.33
region_12,2023-07-24,test,1,70153.96
region_12,2023-07-31,test,1,69906.68
region_12,2023-08-07,test,1,67386.36
region_12,2023-08-14,test,1,51214.86
region_12,2023-08-21,test,1,69440.3
region_12,2023-08-28,test,1,65538.52
region_12,2023-09-04,test,1,65534.54
region_12,2023-09-11,test,1,60486.03
region_12,2023-09-18,test,1,54191.6
region_12,2023-09-25,test,1,56762.81
region_12,2023-10-02,test,1,50432.85
region_12,2023-10-09,test,1,53004.81
region_12,2023-10-16,test,1,54107.57
region_12,2023-10-23,test,1,51888.27
region_12,2023-10-30,test,1,45817.44
region_12,2023-11-06,test,1,40865.29
region_12,2023-11-13,test,1,45905.14
region_12,2023-11-20,test,1,44445.93
region_12,2023-11-27,test,1,41484.91
region_12,2023-12-04,test,1,47478.83
region_12,2023-12-11,test,1,44489.57
region_12,2023-12-18,test,1,46749.75
region_12,2023-12-25,test,1,36045.35
region_13,2022-01-03,test,1,36170.19
region_13,2022-01-10,test,1,39457.78
region_13,2022-01-17,test,1,45355.19
region_13,2022-01-24,test,1,47362.95
region_13,2022-01-31,test,1,47083.54
region_13,2022-02-07,test,1,47403.98
region_13,2022-02-14,test,1,54163.32
region_13,2022-02-21,test,1,48789.79
region_13,2022-02-28,test,1,53631.77
region_13,2022-03-07,test,1,54288.77
region_13,2022-03-14,test,1,50902.45
region_13,2022-03-21,test,1,59600.37
region_13,2022-03-28,test,1,55346.71
region_13,2022-04-04,test,1,66946.15
region_13,2022-04-11,test,1,57896.28
region_13,2022-04-18,test,1,58791.04
region_13,2022-04-25,test,1,63987.42
region_13,2022-05-02,test,1,72877.28
region_13,2022-05-09,test,1,65550.28
region_13,2022-05-16,test,1,67712.2
region_13,2022-05-23,test,1,71497.72
region_13,2022-05-30,test,1,66798.94
region_13,2022-06-06,test,1,54085.8
region_13,2022-06-13,test,1,68351.34
region_13,2022-06-20,test,1,67243.36
region_13,2022-06-27,test,1,65528.62
region_13,2022-07-04,test,1,66671.65
region_13,2022-07-11,test,1,65684.32
region_13,2022-07-18,test,1,62213.8
region_13,2022-07-25,test,1,62648.0
region_13,2022-08-01,test,1,65010.97
region_13,2022-08-08,test,1,66882.94
region_13,2022-08-15,test,1,56238.21
region_13,2022-08-22,test,1,62302.35
region_13,2022-08-29,test,1,57346.98
region_13,2022-09-05,test,1,47530.17
region_13,2022-09-12,test,1,53774.11
region_13,2022-09-19,test,1,51112.98
region_13,2022-09-26,test,1,50424.37
region_13,2022-10-03,test,1,44097.74
region_13,2022-10-10,test,1,40118.79
region_13,2022-10-17,test,1,37074.47
region_13,2022-10-24,test,1,42990.3
region_13,2022-10-31,test,1,43814.77
region_13,2022-11-07,test,1,41765.53
region_13,2022-11-14,test,1,41205.9
region_13,2022-11-21,test,1,43454.93
region_13,2022-11-28,test,1,39737.96
region_13,2022-12-05,test,1,37663.24
region_13,2022-12-12,test,1,44010.27
region_13,2022-12-19,test,1,37200.13
region_13,2022-12-26,test,1,37010.39
region_13,2023-01-02,test,1,43969.94
region_13,2023-01-09,test,1,35045.29
region_13,2023-01-16,test,1,38834.37
region_13,2023-01-23,test,1,41080.6
region_13,2023-01-30,test,1,40767.82
region_13,2023-02-06,test,1,46845.01
region_13,2023-02-13,test,1,55556.15
region_13,2023-02-20,test,1,48700.59
region_13,2023-02-27,test,1,45191.37
region_13,2023-03-06,test,1,47246.57
region_13,2023-03-13,test,1,57459.49
region_13,2023-03-20,test,1,57034.69
region_13,2023-03-27,test,1,63154.38
region_13,2023-04-03,test,1,62083.27
region_13,2023-04-10,test,1,58854.94
region_13,2023-04-17,test,1,58357.29
region_13,2023-04-24,test,1,60355.44
region_13,2023-05-01,test,1,66391.79
region_13,2023-05-08,test,1,58308.22
region_13,2023-05-15,test,1,60177.91
region_13,2023-05-22,test,1,67550.76
region_13,2023-05-29,test,1,66300.57
region_13,2023-06-05,test,1,71348.72
region_13,2023-06-12,test,1,67435.45
region_13,2023-06-19,test,1,65949.1
region_13,2023-06-26,test,1,69964.26
region_13,2023-07-03,test,1,67558.81
region_13,2023-07-10,test,1,66984.54
region_13,2023-07-17,test,1,50406.35
region_13,2023-07-24,test,1,61710.26
region_13,2023-07-31,test,1,61150.69
region_13,2023-08-07,test,1,62842.5
region_13,2023-08-14,test,1,65791.16
region_13,2023-08-21,test,1,52656.0
region_13,2023-08-28,test,1,51968.58
region_13,2023-09-04,test,1,58399.76
region_13,2023-09-11,test,1,50997.17
region_13,2023-09-18,test,1,50942.34
region_13,2023-09-25,test,1,43801.27
region_13,2023-10-02,test,1,44318.01
region_13,2023-10-09,test,1,43962.67
region_13,2023-10-16,test,1,49588.46
region_13,2023-10-23,test,1,44731.17
region_13,2023-10-30,test,1,39257.37
region_13,2023-11-06,test,1,39374.57
region_13,2023-11-13,test,1,39223.44
region_13,2023-11-20,test,1,37405.86
region_13,2023-11-27,test,1,38201.59
region_13,2023-12-04,test,1,44040.79
region_13,2023-12-11,test,1,41555.01
region_13,2023-12-18,test,1,38225.5
region_13,2023-12-25,test,1,43129.92
region_14,2022-01-03,test,1,33179.78
region_14,2022-01-10,test,1,31606.53
region_14,2022-01-17,test,1,40140.52
region_14,2022-01-24,test,1,37290.41
region_14,2022-01-31,test,1,40538.41
region_14,2022-02-07,test,1,42322.85
region_14,2022-02-14,test,1,41970.22
region_14,2022-02-21,test,1,49134.74
region_14,2022-02-28,test,1,46772.36
region_14,2022-03-07,test,1,48122.5
region_14,2022-03-14,test,1,52037.15
region_14,2022-03-21,test,1,49951.45
region_14,2022-03-28,test,1,51172.39
region_14,2022-04-04,test,1,56534.56
region_14,2022-04-11,test,1,52500.67
region_14,2022-04-18,test,1,53237.06
region_14,2022-04-25,test,1,51908.34
region_14,2022-05-02,test,1,53891.53
region_14,2022-05-09,test,1,59130.98
region_14,2022-05-16,test,1,68607.51
region_14,2022-05-23,test,1,56105.66
region_14,2022-05-30,test,1,60706.42
region_14,2022-06-06,test,1,62099.37
region_14,2022-06-13,test,1,56803.88
region_14,2022-06-20,test,1,62467.31
region_14,2022-06-27,test,1,53760.96
region_14,2022-07-04,test,1,54008.81
region_14,2022-07-11,test,1,56918.8
region_14,2022-07-18,test,1,51424.83
region_14,2022-07-25,test,1,49168.87
region_14,2022-08-01,test,1,46480.49
region_14,2022-08-08,test,1,51239.05
region_14,2022-08-15,test,1,60352.29
region_14,2022-08-22,test,1,54216.3
region_14,2022-08-29,test,1,41463.72
region_14,2022-09-05,test,1,42175.14
region_14,2022-09-12,test,1,43550.7
region_14,2022-09-19,test,1,44157.29
region_14,2022-09-26,test,1,42452.03
region_14,2022-10-03,test,1,39839.3
region_14,2022-10-10,test,1,37848.93
region_14,2022-10-17,test,1,33212.37
region_14,2022-10-24,test,1,34278.89
region_14,2022-10-31,test,1,33850.52
region_14,2022-11-07,test,1,29298.94
region_14,2022-11-14,test,1,31782.6
region_14,2022-11-21,test,1,37446.29
region_14,2022-11-28,test,1,32747.39
region_14,2022-12-05,test,1,34383.22
region_14,2022-12-12,test,1,37997.92
region_14,2022-12-19,test,1,37905.48
region_14,2022-12-26,test,1,31141.14
region_14,2023-01-02,test,1,35906.85
region_14,2023-01-09,test,1,38293.44
region_14,2023-01-16,test,1,34519.99
region_14,2023-01-23,test,1,39361.91
region_14,2023-01-30,test,1,38928.79
region_14,2023-02-06,test,1,42238.85
region_14,2023-02-13,test,1,42843.17
region_14,2023-02-20,test,1,46936.54
region_14,2023-02-27,test,1,42090.7
region_14,2023-03-06,test,1,47706.78
region_14,2023-03-13,test,1,54820.73
region_14,2023-03-20,test,1,52133.35
region_14,2023-03-27,test,1,54638.82
region_14,2023-04-03,test,1,48309.03
region_14,2023-04-10,test,1,45704.54
region_14,2023-04-17,test,1,55162.26
region_14,2023-04-24,test,1,61766.65
region_14,2023-05-01,test,1,56017.15
region_14,2023-05-08,test,1,56973.7
region_14,2023-05-15,test,1,55217.6
region_14,2023-05-22,test,1,56945.2
region_14,2023-05-29,test,1,58640.73
region_14,2023-06-05,test,1,65117.12
region_14,2023-06-12,test,1,66598.99
region_14,2023-06-19,test,1,56265.21
region_14,2023-06-26,test,1,53029.52
region_14,2023-07-03,test,1,55670.39
region_14,2023-07-10,test,1,57645.58
region_14,2023-07-17,test,1,58635.63
region_14,2023-07-24,test,1,51208.83
region_14,2023-07-31,test,1,65201.62
region_14,2023-08-07,test,1,51448.58
region_14,2023-08-14,test,1,51838.93
region_14,2023-08-21,test,1,51669.79
region_14,2023-08-28,test,1,44204.6
region_14,2023-09-04,test,1,50874.1
region_14,2023-09-11,test,1,51473.05
region_14,2023-09-18,test,1,40624.16
region_14,2023-09-25,test,1,44829.6
region_14,2023-10-02,test,1,39427.2
region_14,2023-10-09,test,1,37706.98
region_14,2023-10-16,test,1,37609.99
region_14,2023-10-23,test,1,36819.57
region_14,2023-10-30,test,1,36876.24
region_14,2023-11-06,test,1,37119.2
region_14,2023-11-13,test,1,33593.66
region_14,2023-11-20,test,1,33764.26
region_14,2023-11-27,test,1,37329.73
region_14,2023-12-04,test,1,31154.19
region_14,2023-12-11,test,1,34750.34
region_14,2023-12-18,test,1,30783.5
region_14,2023-12-25,test,1,36316.57
region_15,2022-01-03,test,1,29776.85
region_15,2022-01-10,test,1,29620.14
region_15,2022-01-17,test,1,33157.15
region_15,2022-01-24,test,1,27887.65
region_15,2022-01-31,test,1,39672.47
region_15,2022-02-07,test,1,34545.67
region_15,2022-02-14,test,1,33540.49
region_15,2022-02-21,test,1,36650.29
region_15,2022-02-28,test,1,36191.16
region_15,2022-03-07,test,1,37849.72
region_15,2022-03-14,test,1,41609.8
region_15,2022-03-21,test,1,46835.22
region_15,2022-03-28,test,1,49510.19
region_15,2022-04-04,test,1,48117.45
region_15,2022-04-11,test,1,44193.4
region_15,2022-04-18,test,1,48351.35
region_15,2022-04-25,test,1,45546.25
region_15,2022-05-02,test,1,50993.34
region_15,2022-05-09,test,1,53227.83
region_15,2022-05-16,test,1,56209.69
region_15,2022-05-23,test,1,53174.96
region_15,2022-05-30,test,1,50898.03
region_15,2022-06-06,test,1,53668.96
region_15,2022-06-13,test,1,50595.09
region_15,2022-06-20,test,1,50961.72
region_15,2022-06-27,test,1,55113.11
region_15,2022-07-04,test,1,53062.5
region_15,2022-07-11,test,1,49757.95
region_15,2022-07-18,test,1,48817.1
region_15,2022-07-25,test,1,46350.22
region_15,2022-08-01,test,1,52611.78
region_15,2022-08-08,test,1,50388.05
region_15,2022-08-15,test,1,49276.03
region_15,2022-08-22,test,1,43250.03
region_15,2022-08-29,test,1,43518.99
region_15,2022-09-05,test,1,42197.32
region_15,2022-09-12,test,1,41103.84
region_15,2022-09-19,test,1,35056.22
region_15,2022-09-26,test,1,42521.85
region_15,2022-10-03,test,1,28824.41
region_15,2022-10-10,test,1,31239.47
region_15,2022-10-17,test,1,29032.75
region_15,2022-10-24,test,1,31935.9
region_15,2022-10-31,test,1,32084.11
region_15,2022-11-07,test,1,30801.27
region_15,2022-11-14,test,1,25845.26
region_15,2022-11-21,test,1,31390.24
region_15,2022-11-28,test,1,28787.93
region_15,2022-12-05,test,1,29616.93
region_15,2022-12-12,test,1,34986.41
region_15,2022-12-19,test,1,29183.43
region_15,2022-12-26,test,1,30350.84
region_15,2023-01-02,test,1,28758.01
region_15,2023-01-09,test,1,34562.04
region_15,2023-01-16,test,1,35319.29
region_15,2023-01-23,test,1,34347.06
region_15,2023-01-30,test,1,33645.48
region_15,2023-02-06,test,1,35370.3
region_15,2023-02-13,test,1,42988.99
region_15,2023-02-20,test,1,40198.62
region_15,2023-02-27,test,1,35918.45
region_15,2023-03-06,test,1,42143.28
region_15,2023-03-13,test,1,42337.79
region_15,2023-03-20,test,1,44252.39
region_15,2023-03-27,test,1,44566.18
region_15,2023-04-03,test,1,47397.58
region_15,2023-04-10,test,1,47502.48
region_15,2023-04-17,test,1,47476.66
region_15,2023-04-24,test,1,50959.31
region_15,2023-05-01,test,1,50953.94
region_15,2023-05-08,test,1,57695.38
region_15,2023-05-15,test,1,51136.34
region_15,2023-05-22,test,1,46930.9
region_15,2023-05-29,test,1,55587.03
region_15,2023-06-05,test,1,56524.36
region_15,2023-06-12,test,1,45248.17
region_15,2023-06-19,test,1,52966.09
region_15,2023-06-26,test,1,50768.6
region_15,2023-07-03,test,1,53417.83
region_15,2023-07-10,test,1,52525.27
region_15,2023-07-17,test,1,51494.66
region_15,2023-07-24,test,1,51979.81
region_15,2023-07-31,test,1,49691.54
region_15,2023-08-07,test,1,52039.19
region_15,2023-08-14,test,1,44793.99
region_15,2023-08-21,test,1,43579.71
region_15,2023-08-28,test,1,40804.82
region_15,2023-09-04,test,1,39390.94
region_15,2023-09-11,test,1,39405.04
region_15,2023-09-18,test,1,41271.17
region_15,2023-09-25,test,1,36557.37
region_15,2023-10-02,test,1,36248.45
region_15,2023-10-09,test,1,38245.45
region_15,2023-10-16,test,1,35982.09
region_15,2023-10-23,test,1,30092.89
region_15,2023-10-30,test,1,27956.7
region_15,2023-11-06,test,1,25517.33
region_15,2023-11-13,test,1,32502.57
region_15,2023-11-20,test,1,22528.45
region_15,2023-11-27,test,1,28159.05
region_15,2023-12-04,test,1,28047.52
region_15,2023-12-11,test,1,30111.95
region_15,2023-12-18,test,1,28897.83
region_15,2023-12-25,test,1,26014.15
region_16,2022-01-03,test,1,44676.4
region_16,2022-01-10,test,1,49584.12
region_16,2022-01-17,test,1,41589.99
region_16,2022-01-24,test,1,48292.51
region_16,2022-01-31,test,1,51575.23
region_16,2022-02-07,test,1,49447.83
region_16,2022-02-14,test,1,58843.81
region_16,2022-02-21,test,1,58184.82
region_16,2022-02-28,test,1,63416.33
region_16,2022-03-07,test,1,65569.06
region_16,2022-03-14,test,1,72474.29
region_16,2022-03-21,test,1,61941.9
region_16,2022-03-28,test,1,74529.81
region_16,2022-04-04,test,1,68212.21
region_16,2022-04-11,test,1,73739.31
region_16,2022-04-18,test,1,77557.74
region_16,2022-04-25,test,1,82940.47
region_16,2022-05-02,test,1,78228.0
region_16,2022-05-09,test,1,84815.39
region_16,2022-05-16,test,1,89017.8
region_16,2022-05-23,test,1,78039.83
region_16,2022-05-30,test,1,78959.1
region_16,2022-06-06,test,1,75629.71
region_16,2022-06-13,test,1,77359.87
region_16,2022-06-20,test,1,81899.75
region_16,2022-06-27,test,1,78815.54
region_16,2022-07-04,test,1,77672.67
region_16,2022-07-11,test,1,79658.7
region_16,2022-07-18,test,1,75052.53
region_16,2022-07-25,test,1,66397.66
region_16,2022-08-01,test,1,67994.96
region_16,2022-08-08,test,1,73481.05
region_16,2022-08-15,test,1,70877.88
region_16,2022-08-22,test,1,62636.2
region_16,2022-08-29,test,1,61702.96
region_16,2022-09-05,test,1,59340.19
region_16,2022-09-12,test,1,59083.38
region_16,2022-09-19,test,1,62643.94
region_16,2022-09-26,test,1,63586.08
region_16,2022-10-03,test,1,55476.17
region_16,2022-10-10,test,1,58902.93
region_16,2022-10-17,test,1,49363.9
region_16,2022-10-24,test,1,50682.38
region_16,2022-10-31,test,1,47053.86
region_16,2022-11-07,test,1,49368.68
region_16,2022-11-14,test,1,49028.94
region_16,2022-11-21,test,1,43226.04
region_16,2022-11-28,test,1,48796.23
region_16,2022-12-05,test,1,42856.3
region_16,2022-12-12,test,1,40855.79
region_16,2022-12-19,test,1,49166.63
region_16,2022-12-26,test,1,47129.78
region_16,2023-01-02,test,1,47409.89
region_16,2023-01-09,test,1,49143.99
region_16,2023-01-16,test,1,47996.57
region_16,2023-01-23,test,1,53294.75
region_16,2023-01-30,test,1,47250.15
region_16,2023-02-06,test,1,62824.85
region_16,2023-02-13,test,1,52447.42
region_16,2023-02-20,test,1,53234.15
region_16,2023-02-27,test,1,63769.32
region_16,2023-03-06,test,1,58062.09
region_16,2023-03-13,test,1,69687.2
region_16,2023-03-20,test,1,71029.44
region_16,2023-03-27,test,1,62998.22
region_16,2023-04-03,test,1,70651.23
region_16,2023-04-10,test,1,82107.93
region_16,2023-04-17,test,1,71922.59
region_16,2023-04-24,test,1,71849.31
region_16,2023-05-01,test,1,76983.77
region_16,2023-05-08,test,1,82136.51
region_16,2023-05-15,test,1,76725.58
region_16,2023-05-22,test,1,75512.73
region_16,2023-05-29,test,1,85283.9
region_16,2023-06-05,test,1,93458.53
region_16,2023-06-12,test,1,80761.44
region_16,2023-06-19,test,1,76538.97
region_16,2023-06-26,test,1,78112.28
region_16,2023-07-03,test,1,69274.47
region_16,2023-07-10,test,1,77443.42
region_16,2023-07-17,test,1,79669.58
region_16,2023-07-24,test,1,71056.61
region_16,2023-07-31,test,1,63673.86
region_16,2023-08-07,test,1,76414.35
region_16,2023-08-14,test,1,60856.9
region_16,2023-08-21,test,1,65988.59
region_16,2023-08-28,test,1,73075.46
region_16,2023-09-04,test,1,64691.82
region_16,2023-09-11,test,1,51226.19
region_16,2023-09-18,test,1,52898.2
region_16,2023-09-25,test,1,52720.59
region_16,2023-10-02,test,1,49415.26
region_16,2023-10-09,test,1,46668.24
region_16,2023-10-16,test,1,46574.01
region_16,2023-10-23,test,1,51728.37
region_16,2023-10-30,test,1,51281.12
region_16,2023-11-06,test,1,40582.27
region_16,2023-11-13,test,1,53691.4
region_16,2023-11-20,test,1,48522.36
region_16,2023-11-27,test,1,51223.1
region_16,2023-12-04,test,1,40729.91
region_16,2023-12-11,test,1,40390.56
region_16,2023-12-18,test,1,48362.92
region_16,2023-12-25,test,1,47633.39
region_17,2022-01-03,test,1,28521.91
region_17,2022-01-10,test,1,31368.27
region_17,2022-01-17,test,1,30696.12
region_17,2022-01-24,test,1,34002.31
region_17,2022-01-31,test,1,35578.75
region_17,2022-02-07,test,1,45910.98
region_17,2022-02-14,test,1,39694.33
region_17,2022-02-21,test,1,35609.73
region_17,2022-02-28,test,1,42261.01
region_17,2022-03-07,test,1,34407.6
region_17,2022-03-14,test,1,47458.79
region_17,2022-03-21,test,1,49273.91
region_17,2022-03-28,test,1,42056.5
region_17,2022-04-04,test,1,50561.94
region_17,2022-04-11,test,1,49028.37
region_17,2022-04-18,test,1,48058.68
region_17,2022-04-25,test,1,58474.71
region_17,2022-05-02,test,1,51160.94
region_17,2022-05-09,test,1,55358.9
region_17,2022-05-16,test,1,53099.13
region_17,2022-05-23,test,1,61129.87
region_17,2022-05-30,test,1,54156.45
region_17,2022-06-06,test,1,52485.14
region_17,2022-06-13,test,1,55284.6
region_17,2022-06-20,test,1,49346.57
region_17,2022-06-27,test,1,63018.77
region_17,2022-07-04,test,1,60412.16
region_17,2022-07-11,test,1,52337.63
region_17,2022-07-18,test,1,49085.91
region_17,2022-07-25,test,1,49318.94
region_17,2022-08-01,test,1,45593.64
region_17,2022-08-08,test,1,46504.78
region_17,2022-08-15,test,1,45378.71
region_17,2022-08-22,test,1,41670.71
region_17,2022-08-29,test,1,48633.04
region_17,2022-09-05,test,1,42812.54
region_17,2022-09-12,test,1,43413.04
region_17,2022-09-19,test,1,39260.44
region_17,2022-09-26,test,1,35441.4
region_17,2022-10-03,test,1,35981.87
region_17,2022-10-10,test,1,34442.99
region_17,2022-10-17,test,1,37788.27
region_17,2022-10-24,test,1,37641.71
region_17,2022-10-31,test,1,29759.35
region_17,2022-11-07,test,1,32016.22
region_17,2022-11-14,test,1,31694.8
region_17,2022-11-21,test,1,29960.35
region_17,2022-11-28,test,1,30120.07
region_17,2022-12-05,test,1,31006.52
region_17,2022-12-12,test,1,28014.04
region_17,2022-12-19,test,1,31737.35
region_17,2022-12-26,test,1,32672.43
region_17,2023-01-02,test,1,29199.2
region_17,2023-01-09,test,1,36862.63
region_17,2023-01-16,test,1,33744.54
region_17,2023-01-23,test,1,38915.86
region_17,2023-01-30,test,1,36758.77
region_17,2023-02-06,test,1,37480.29
region_17,2023-02-13,test,1,41933.33
region_17,2023-02-20,test,1,41216.12
region_17,2023-02-27,test,1,37578.34
region_17,2023-03-06,test,1,43510.38
region_17,2023-03-13,test,1,46289.85
region_17,2023-03-20,test,1,43672.97
region_17,2023-03-27,test,1,52378.56
region_17,2023-04-03,test,1,47931.16
region_17,2023-04-10,test,1,50828.81
region_17,2023-04-17,test,1,50936.71
region_17,2023-04-24,test,1,56254.13
region_17,2023-05-01,test,1,56761.13
region_17,2023-05-08,test,1,53462.25
region_17,2023-05-15,test,1,50966.0
region_17,2023-05-22,test,1,49648.58
region_17,2023-05-29,test,1,53636.95
region_17,2023-06-05,test,1,55741.82
region_17,2023-06-12,test,1,54526.82
region_17,2023-06-19,test,1,53851.42
region_17,2023-06-26,test,1,51149.5
region_17,2023-07-03,test,1,47493.99
region_17,2023-07-10,test,1,52765.8
region_17,2023-07-17,test,1,47857.34
region_17,2023-07-24,test,1,51333.94
region_17,2023-07-31,test,1,51208.19
region_17,2023-08-07,test,1,53561.52
region_17,2023-08-14,test,1,45504.26
region_17,2023-08-21,test,1,41063.61
region_17,2023-08-28,test,1,43434.17
region_17,2023-09-04,test,1,43521.38
region_17,2023-09-11,test,1,45658.4
region_17,2023-09-18,test,1,43715.8
region_17,2023-09-25,test,1,38148.28
region_17,2023-10-02,test,1,36488.9
region_17,2023-10-09,test,1,32553.14
region_17,2023-10-16,test,1,33776.0
region_17,2023-10-23,test,1,35213.49
region_17,2023-10-30,test,1,36415.62
region_17,2023-11-06,test,1,33957.79
region_17,2023-11-13,test,1,30057.81
region_17,2023-11-20,test,1,27735.45
region_17,2023-11-27,test,1,31576.59
region_17,2023-12-04,test,1,29939.39
region_17,2023-12-11,test,1,32322.15
region_17,2023-12-18,test,1,29203.76
region_17,2023-12-25,test,1,35915.0
region_18,2022-01-03,test,1,38724.77
region_18,2022-01-10,test,1,43591.29
region_18,2022-01-17,test,1,45093.74
region_18,2022-01-24,test,1,52127.23
region_18,2022-01-31,test,1,46027.8
region_18,2022-02-07,test,1,49967.94
region_18,2022-02-14,test,1,54035.66
region_18,2022-02-21,test,1,55838.23
region_18,2022-02-28,test,1,65247.0
region_18,2022-03-07,test,1,63018.76
region_18,2022-03-14,test,1,58007.16
region_18,2022-03-21,test,1,67458.4
region_18,2022-03-28,test,1,64230.02
region_18,2022-04-04,test,1,77553.02
region_18,2022-04-11,test,1,68381.71
region_18,2022-04-18,test,1,75758.36
region_18,2022-04-25,test,1,79263.61
region_18,2022-05-02,test,1,72327.34
region_18,2022-05-09,test,1,74450.61
region_18,2022-05-16,test,1,73487.14
region_18,2022-05-23,test,1,80611.18
region_18,2022-05-30,test,1,92390.46
region_18,2022-06-06,test,1,80833.54
region_18,2022-06-13,test,1,79242.45
region_18,2022-06-20,test,1,71887.94
region_18,2022-06-27,test,1,82646.5
region_18,2022-07-04,test,1,76321.54
region_18,2022-07-11,test,1,87894.19
region_18,2022-07-18,test,1,82979.41
region_18,2022-07-25,test,1,72109.49
region_18,2022-08-01,test,1,71609.23
region_18,2022-08-08,test,1,67937.32
region_18,2022-08-15,test,1,60901.44
region_18,2022-08-22,test,1,68163.8
region_18,2022-08-29,test,1,61024.33
region_18,2022-09-05,test,1,70200.73
region_18,2022-09-12,test,1,58222.48
region_18,2022-09-19,test,1,50329.27
region_18,2022-09-26,test,1,55798.37
region_18,2022-10-03,test,1,55501.28
region_18,2022-10-10,test,1,52378.28
region_18,2022-10-17,test,1,49766.21
region_18,2022-10-24,test,1,46598.87
region_18,2022-10-31,test,1,46795.86
region_18,2022-11-07,test,1,45339.42
region_18,2022-11-14,test,1,39881.35
region_18,2022-11-21,test,1,50135.01
region_18,2022-11-28,test,1,43937.5
region_18,2022-12-05,test,1,42830.77
region_18,2022-12-12,test,1,48648.67
region_18,2022-12-19,test,1,38444.96
region_18,2022-12-26,test,1,51724.4
region_18,2023-01-02,test,1,41911.51
region_18,2023-01-09,test,1,51097.52
region_18,2023-01-16,test,1,43425.49
region_18,2023-01-23,test,1,45063.5
region_18,2023-01-30,test,1,52601.32
region_18,2023-02-06,test,1,52872.59
region_18,2023-02-13,test,1,49859.91
region_18,2023-02-20,test,1,52095.77
region_18,2023-02-27,test,1,56065.97
region_18,2023-03-06,test,1,65258.68
region_18,2023-03-13,test,1,63506.66
region_18,2023-03-20,test,1,66984.05
region_18,2023-03-27,test,1,63280.62
region_18,2023-04-03,test,1,70579.38
region_18,2023-04-10,test,1,62059.47
region_18,2023-04-17,test,1,66528.37
region_18,2023-04-24,test,1,78509.77
region_18,2023-05-01,test,1,76027.94
region_18,2023-05-08,test,1,86190.9
region_18,2023-05-15,test,1,80050.36
region_18,2023-05-22,test,1,68999.28
region_18,2023-05-29,test,1,82102.99
region_18,2023-06-05,test,1,69065.01
region_18,2023-06-12,test,1,81351.88
region_18,2023-06-19,test,1,75215.95
region_18,2023-06-26,test,1,71868.77
region_18,2023-07-03,test,1,75380.53
region_18,2023-07-10,test,1,67134.54
region_18,2023-07-17,test,1,71045.28
region_18,2023-07-24,test,1,59568.81
region_18,2023-07-31,test,1,75852.43
region_18,2023-08-07,test,1,69628.88
region_18,2023-08-14,test,1,65316.03
region_18,2023-08-21,test,1,66668.11
region_18,2023-08-28,test,1,56439.94
region_18,2023-09-04,test,1,58793.35
region_18,2023-09-11,test,1,60707.61
region_18,2023-09-18,test,1,52081.32
region_18,2023-09-25,test,1,58960.15
region_18,2023-10-02,test,1,51040.74
region_18,2023-10-09,test,1,42961.12
region_18,2023-10-16,test,1,49485.78
region_18,2023-10-23,test,1,45936.6
region_18,2023-10-30,test,1,53085.76
region_18,2023-11-06,test,1,43724.04
region_18,2023-11-13,test,1,46816.09
region_18,2023-11-20,test,1,41869.98
region_18,2023-11-27,test,1,37363.79
region_18,2023-12-04,test,1,43759.48
region_18,2023-12-11,test,1,43966.0
region_18,2023-12-18,test,1,46458.21
region_18,2023-12-25,test,1,37847.12
region_19,2022-01-03,test,1,44510.17
region_19,2022-01-10,test,1,51057.42
region_19,2022-01-17,test,1,40966.49
region_19,2022-01-24,test,1,50114.99
region_19,2022-01-31,test,1,55641.15
region_19,2022-02-07,test,1,58296.51
region_19,2022-02-14,test,1,62833.96
region_19,2022-02-21,test,1,62824.09
region_19,2022-02-28,test,1,60792.06
region_19,2022-03-07,test,1,57042.33
region_19,2022-03-14,test,1,62328.46
region_19,2022-03-21,test,1,64431.72
region_19,2022-03-28,test,1,63160.09
region_19,2022-04-04,test,1,53497.57
region_19,2022-04-11,test,1,71533.1
region_19,2022-04-18,test,1,67407.44
region_19,2022-04-25,test,1,75754.35
region_19,2022-05-02,test,1,68065.92
region_19,2022-05-09,test,1,68327.66
region_19,2022-05-16,test,1,74538.86
region_19,2022-05-23,test,1,84290.57
region_19,2022-05-30,test,1,79972.27
region_19,2022-06-06,test,1,82787.18
region_19,2022-06-13,test,1,72361.06
region_19,2022-06-20,test,1,79108.07
region_19,2022-06-27,test,1,72314.7
region_19,2022-07-04,test,1,84208.14
region_19,2022-07-11,test,1,83217.9
region_19,2022-07-18,test,1,71320.2
region_19,2022-07-25,test,1,82182.6
region_19,2022-08-01,test,1,70415.37
region_19,2022-08-08,test,1,78456.29
region_19,2022-08-15,test,1,61236.4
region_19,2022-08-22,test,1,59426.28
region_19,2022-08-29,test,1,66282.61
region_19,2022-09-05,test,1,57342.45
region_19,2022-09-12,test,1,61148.26
region_19,2022-09-19,test,1,52425.27
region_19,2022-09-26,test,1,49612.46
region_19,2022-10-03,test,1,57226.6
region_19,2022-10-10,test,1,59792.01
region_19,2022-10-17,test,1,49089.81
region_19,2022-10-24,test,1,50602.04
region_19,2022-10-31,test,1,46141.25
region_19,2022-11-07,test,1,47978.95
region_19,2022-11-14,test,1,33441.59
region_19,2022-11-21,test,1,42125.96
region_19,2022-11-28,test,1,50778.88
region_19,2022-12-05,test,1,45116.16
region_19,2022-12-12,test,1,43613.39
region_19,2022-12-19,test,1,46290.25
region_19,2022-12-26,test,1,48115.26
region_19,2023-01-02,test,1,37856.64
region_19,2023-01-09,test,1,45794.9
region_19,2023-01-16,test,1,43290.78
region_19,2023-01-23,test,1,58159.24
region_19,2023-01-30,test,1,45113.8
region_19,2023-02-06,test,1,52367.16
region_19,2023-02-13,test,1,57826.1
region_19,2023-02-20,test,1,59964.56
region_19,2023-02-27,test,1,54128.72
region_19,2023-03-06,test,1,56368.54
region_19,2023-03-13,test,1,59547.54
region_19,2023-03-20,test,1,62900.44
region_19,2023-03-27,test,1,65267.15
region_19,2023-04-03,test,1,73212.95
region_19,2023-04-10,test,1,67941.9
region_19,2023-04-17,test,1,74787.15
region_19,2023-04-24,test,1,70525.96
region_19,2023-05-01,test,1,78604.29
region_19,2023-05-08,test,1,78885.58
region_19,2023-05-15,test,1,75853.93
region_19,2023-05-22,test,1,73167.46
region_19,2023-05-29,test,1,75457.37
region_19,2023-06-05,test,1,73981.42
region_19,2023-06-12,test,1,79298.89
region_19,2023-06-19,test,1,83501.67
region_19,2023-06-26,test,1,80916.6
region_19,2023-07-03,test,1,82056.49
region_19,2023-07-10,test,1,69499.58
region_19,2023-07-17,test,1,74357.09
region_19,2023-07-24,test,1,69129.42
region_19,2023-07-31,test,1,71667.96
region_19,2023-08-07,test,1,73006.81
region_19,2023-08-14,test,1,65100.2
region_19,2023-08-21,test,1,57288.66
region_19,2023-08-28,test,1,58317.0
region_19,2023-09-04,test,1,51342.95
region_19,2023-09-11,test,1,59346.74
region_19,2023-09-18,test,1,55154.27
region_19,2023-09-25,test,1,52496.46
region_19,2023-10-02,test,1,46899.27
region_19,2023-10-09,test,1,48927.03
region_19,2023-10-16,test,1,49107.25
region_19,2023-10-23,test,1,47222.93
region_19,2023-10-30,test,1,50203.4
region_19,2023-11-06,test,1,42553.63
region_19,2023-11-13,test,1,44682.98
region_19,2023-11-20,test,1,48109.82
region_19,2023-11-27,test,1,47334.0
region_19,2023-12-04,test,1,46912.97
region_19,2023-12-11,test,1,43057.98
region_19,2023-12-18,test,1,43821.29
region_19,2023-12-25,test,1,43930.93
